{
	"format_version": "1.12.0",
	"minecraft:geometry": [
		{
			"description": {
				"identifier": "geometry.crate_super",
				"texture_width": 128,
				"texture_height": 128,
				"visible_bounds_width": 3,
				"visible_bounds_height": 2.5,
				"visible_bounds_offset": [0, 0.75, 0]
			},
			"bones": [
				{
					"name": "bone",
					"pivot": [-1, 5, 0],
					"rotation": [0, 180, 0],
					"cubes": [
						{
							"origin": [-10, 0, -6],
							"size": [20, 15, 12],
							"uv": {
								"north": {"uv": [24, 30], "uv_size": [20, 15]},
								"east": {"uv": [0, 47], "uv_size": [12, 15]},
								"south": {"uv": [0, 32], "uv_size": [20, 15]},
								"west": {"uv": [44, 48], "uv_size": [12, 15]},
								"up": {"uv": [44, 24], "uv_size": [20, 12]},
								"down": {"uv": [44, 48], "uv_size": [20, -12]}
							}
						},
						{
							"origin": [-10.1, 10, 7],
							"size": [20.2, 5, 2],
							"pivot": [0, 7.5, 6.5],
							"rotation": [22.5, 0, 0],
							"uv": {
								"north": {"uv": [24, 30], "uv_size": [20, 5]},
								"east": {"uv": [0, 47], "uv_size": [2, 5]},
								"south": {"uv": [0, 32], "uv_size": [20, 5]},
								"west": {"uv": [44, 48], "uv_size": [2, 5]},
								"up": {"uv": [44, 24], "uv_size": [20, 2]},
								"down": {"uv": [44, 38], "uv_size": [20, -2]}
							}
						},
						{
							"origin": [-10.1, 10, -9],
							"size": [20.2, 5, 2],
							"pivot": [0, 7.5, -6.5],
							"rotation": [-22.5, 0, 0],
							"uv": {
								"north": {"uv": [20, 32], "uv_size": [-20, 5]},
								"east": {"uv": [2, 47], "uv_size": [-2, 5]},
								"south": {"uv": [44, 30], "uv_size": [-20, 5]},
								"west": {"uv": [46, 48], "uv_size": [-2, 5]},
								"up": {"uv": [44, 26], "uv_size": [20, -2]},
								"down": {"uv": [44, 36], "uv_size": [20, 2]}
							}
						},
						{
							"origin": [7, 0, -8],
							"size": [5, 1, 5],
							"uv": {
								"north": {"uv": [12, 59], "uv_size": [5, 1]},
								"east": {"uv": [38, 62], "uv_size": [5, 1]},
								"south": {"uv": [64, 47], "uv_size": [5, 1]},
								"west": {"uv": [67, 31], "uv_size": [5, 1]},
								"up": {"uv": [12, 47], "uv_size": [5, 5]},
								"down": {"uv": [12, 57], "uv_size": [5, -5]}
							}
						},
						{
							"origin": [8, 1, -7],
							"size": [3, 7, 3],
							"uv": {
								"north": {"uv": [20, 32], "uv_size": [3, 7]},
								"east": {"uv": [17, 47], "uv_size": [3, 7]},
								"south": {"uv": [15, 64], "uv_size": [3, 7]},
								"west": {"uv": [64, 15], "uv_size": [3, 7]},
								"up": {"uv": [39, 66], "uv_size": [3, 3]},
								"down": {"uv": [42, 69], "uv_size": [3, -3]}
							}
						},
						{
							"origin": [8, 1, 4],
							"size": [3, 7, 3],
							"uv": {
								"north": {"uv": [18, 64], "uv_size": [3, 7]},
								"east": {"uv": [21, 64], "uv_size": [3, 7]},
								"south": {"uv": [64, 22], "uv_size": [3, 7]},
								"west": {"uv": [24, 64], "uv_size": [3, 7]},
								"up": {"uv": [45, 66], "uv_size": [3, 3]},
								"down": {"uv": [48, 69], "uv_size": [3, -3]}
							}
						},
						{
							"origin": [7, 0, 3],
							"size": [5, 1, 5],
							"uv": {
								"north": {"uv": [67, 32], "uv_size": [5, 1]},
								"east": {"uv": [67, 33], "uv_size": [5, 1]},
								"south": {"uv": [67, 34], "uv_size": [5, 1]},
								"west": {"uv": [67, 35], "uv_size": [5, 1]},
								"up": {"uv": [0, 62], "uv_size": [5, 5]},
								"down": {"uv": [5, 67], "uv_size": [5, -5]}
							}
						},
						{
							"origin": [-11, 1, 4],
							"size": [3, 7, 3],
							"uv": {
								"north": {"uv": [27, 64], "uv_size": [3, 7]},
								"east": {"uv": [64, 29], "uv_size": [3, 7]},
								"south": {"uv": [30, 64], "uv_size": [3, 7]},
								"west": {"uv": [33, 64], "uv_size": [3, 7]},
								"up": {"uv": [51, 66], "uv_size": [3, 3]},
								"down": {"uv": [0, 70], "uv_size": [3, -3]}
							}
						},
						{
							"origin": [-12, 0, 3],
							"size": [5, 1, 5],
							"uv": {
								"north": {"uv": [67, 36], "uv_size": [5, 1]},
								"east": {"uv": [67, 37], "uv_size": [5, 1]},
								"south": {"uv": [67, 38], "uv_size": [5, 1]},
								"west": {"uv": [67, 39], "uv_size": [5, 1]},
								"up": {"uv": [64, 0], "uv_size": [5, 5]},
								"down": {"uv": [64, 10], "uv_size": [5, -5]}
							}
						},
						{
							"origin": [-11, 1, -7],
							"size": [3, 7, 3],
							"uv": {
								"north": {"uv": [64, 36], "uv_size": [3, 7]},
								"east": {"uv": [54, 65], "uv_size": [3, 7]},
								"south": {"uv": [57, 65], "uv_size": [3, 7]},
								"west": {"uv": [60, 65], "uv_size": [3, 7]},
								"up": {"uv": [3, 67], "uv_size": [3, 3]},
								"down": {"uv": [6, 70], "uv_size": [3, -3]}
							}
						},
						{
							"origin": [-12, 0, -8],
							"size": [5, 1, 5],
							"uv": {
								"north": {"uv": [67, 40], "uv_size": [5, 1]},
								"east": {"uv": [67, 41], "uv_size": [5, 1]},
								"south": {"uv": [67, 42], "uv_size": [5, 1]},
								"west": {"uv": [68, 65], "uv_size": [5, 1]},
								"up": {"uv": [10, 64], "uv_size": [5, 5]},
								"down": {"uv": [64, 15], "uv_size": [5, -5]}
							}
						},
						{
							"origin": [-12, 2, 3],
							"size": [5, 1, 5],
							"uv": {
								"north": {"uv": [67, 36], "uv_size": [5, 1]},
								"east": {"uv": [67, 37], "uv_size": [5, 1]},
								"south": {"uv": [67, 38], "uv_size": [5, 1]},
								"west": {"uv": [67, 39], "uv_size": [5, 1]},
								"up": {"uv": [64, 0], "uv_size": [5, 5]},
								"down": {"uv": [64, 10], "uv_size": [5, -5]}
							}
						},
						{
							"origin": [7, 2, 3],
							"size": [5, 1, 5],
							"uv": {
								"north": {"uv": [67, 32], "uv_size": [5, 1]},
								"east": {"uv": [67, 33], "uv_size": [5, 1]},
								"south": {"uv": [67, 34], "uv_size": [5, 1]},
								"west": {"uv": [67, 35], "uv_size": [5, 1]},
								"up": {"uv": [0, 62], "uv_size": [5, 5]},
								"down": {"uv": [5, 67], "uv_size": [5, -5]}
							}
						},
						{
							"origin": [7, 2, -8],
							"size": [5, 1, 5],
							"uv": {
								"north": {"uv": [12, 59], "uv_size": [5, 1]},
								"east": {"uv": [38, 62], "uv_size": [5, 1]},
								"south": {"uv": [64, 47], "uv_size": [5, 1]},
								"west": {"uv": [67, 31], "uv_size": [5, 1]},
								"up": {"uv": [12, 47], "uv_size": [5, 5]},
								"down": {"uv": [12, 57], "uv_size": [5, -5]}
							}
						},
						{
							"origin": [-12, 2, -8],
							"size": [5, 1, 5],
							"uv": {
								"north": {"uv": [67, 40], "uv_size": [5, 1]},
								"east": {"uv": [67, 41], "uv_size": [5, 1]},
								"south": {"uv": [67, 42], "uv_size": [5, 1]},
								"west": {"uv": [68, 65], "uv_size": [5, 1]},
								"up": {"uv": [10, 64], "uv_size": [5, 5]},
								"down": {"uv": [64, 15], "uv_size": [5, -5]}
							}
						},
						{
							"origin": [-12, 6, 3],
							"size": [5, 1, 5],
							"uv": {
								"north": {"uv": [67, 36], "uv_size": [5, 1]},
								"east": {"uv": [67, 37], "uv_size": [5, 1]},
								"south": {"uv": [67, 38], "uv_size": [5, 1]},
								"west": {"uv": [67, 39], "uv_size": [5, 1]},
								"up": {"uv": [64, 0], "uv_size": [5, 5]},
								"down": {"uv": [64, 10], "uv_size": [5, -5]}
							}
						},
						{
							"origin": [7, 6, 3],
							"size": [5, 1, 5],
							"uv": {
								"north": {"uv": [67, 32], "uv_size": [5, 1]},
								"east": {"uv": [67, 33], "uv_size": [5, 1]},
								"south": {"uv": [67, 34], "uv_size": [5, 1]},
								"west": {"uv": [67, 35], "uv_size": [5, 1]},
								"up": {"uv": [0, 62], "uv_size": [5, 5]},
								"down": {"uv": [5, 67], "uv_size": [5, -5]}
							}
						},
						{
							"origin": [7, 6, -8],
							"size": [5, 1, 5],
							"uv": {
								"north": {"uv": [12, 59], "uv_size": [5, 1]},
								"east": {"uv": [38, 62], "uv_size": [5, 1]},
								"south": {"uv": [64, 47], "uv_size": [5, 1]},
								"west": {"uv": [67, 31], "uv_size": [5, 1]},
								"up": {"uv": [12, 47], "uv_size": [5, 5]},
								"down": {"uv": [12, 57], "uv_size": [5, -5]}
							}
						},
						{
							"origin": [-12, 6, -8],
							"size": [5, 1, 5],
							"uv": {
								"north": {"uv": [67, 40], "uv_size": [5, 1]},
								"east": {"uv": [67, 41], "uv_size": [5, 1]},
								"south": {"uv": [67, 42], "uv_size": [5, 1]},
								"west": {"uv": [68, 65], "uv_size": [5, 1]},
								"up": {"uv": [10, 64], "uv_size": [5, 5]},
								"down": {"uv": [64, 15], "uv_size": [5, -5]}
							}
						},
						{
							"origin": [-2.5, 4, 6],
							"size": [5, 4, 2],
							"uv": {
								"north": {"uv": [64, 43], "uv_size": [5, 4]},
								"east": {"uv": [67, 15], "uv_size": [2, 4]},
								"south": {"uv": [63, 65], "uv_size": [5, 4]},
								"west": {"uv": [67, 19], "uv_size": [2, 4]},
								"up": {"uv": [12, 57], "uv_size": [5, 2]},
								"down": {"uv": [38, 62], "uv_size": [5, -2]}
							}
						},
						{
							"origin": [-1.5, 5, 7],
							"size": [3, 4, 2],
							"uv": {
								"north": {"uv": [20, 39], "uv_size": [3, 4]},
								"east": {"uv": [67, 23], "uv_size": [2, 4]},
								"south": {"uv": [17, 54], "uv_size": [3, 4]},
								"west": {"uv": [67, 27], "uv_size": [2, 4]},
								"up": {"uv": [20, 43], "uv_size": [3, 2]},
								"down": {"uv": [17, 60], "uv_size": [3, -2]}
							}
						},
						{
							"origin": [-1.2, 13.85, 5.85],
							"size": [2, 2, 1],
							"pivot": [-0.05, 14.9, 9.55],
							"rotation": [22.5, 0, 0],
							"uv": {
								"north": {"uv": [54, 63], "uv_size": [2, 2]},
								"east": {"uv": [69, 11], "uv_size": [2, -1]},
								"south": {"uv": [10, 62], "uv_size": [2, 2]},
								"west": {"uv": [69, 10], "uv_size": [2, -1]},
								"up": {"uv": [69, 9], "uv_size": [2, -1]},
								"down": {"uv": [10, 70], "uv_size": [2, -1]}
							}
						},
						{
							"origin": [-1.2, 11.82922, 6.81272],
							"size": [2, 2, 1],
							"pivot": [-0.2, 12.82922, 6.61272],
							"rotation": [0, 0, -45],
							"uv": {
								"north": {"uv": [54, 63], "uv_size": [2, 2]},
								"east": {"uv": [69, 11], "uv_size": [2, -1]},
								"south": {"uv": [10, 62], "uv_size": [2, 2]},
								"west": {"uv": [69, 10], "uv_size": [2, -1]},
								"up": {"uv": [69, 9], "uv_size": [2, -1]},
								"down": {"uv": [10, 70], "uv_size": [2, -1]}
							}
						},
						{
							"origin": [-0.5, 14.6725, -0.5],
							"size": [1, 1.1, 1],
							"pivot": [0, 15.2225, 0],
							"rotation": [0, 45, 0],
							"uv": {
								"north": {"uv": [69, 8], "uv_size": [1, 1]},
								"east": {"uv": [70, 10], "uv_size": [-1, -1]},
								"south": {"uv": [10, 69], "uv_size": [2, 1]},
								"west": {"uv": [70, 11], "uv_size": [-1, -1]},
								"up": {"uv": [17, 66], "uv_size": [-1, -1]},
								"down": {"uv": [54, 64], "uv_size": [1, -1]}
							}
						},
						{
							"origin": [-1.5, 14.6725, -0.5],
							"size": [1, 1.1, 1],
							"pivot": [0, 15.2225, 0],
							"rotation": [0, 45, 0],
							"uv": {
								"north": {"uv": [69, 8], "uv_size": [1, 1]},
								"east": {"uv": [70, 10], "uv_size": [-1, -1]},
								"south": {"uv": [10, 69], "uv_size": [2, 1]},
								"west": {"uv": [70, 11], "uv_size": [-1, -1]},
								"up": {"uv": [17, 66], "uv_size": [-1, -1]},
								"down": {"uv": [54, 64], "uv_size": [1, -1]}
							}
						},
						{
							"origin": [-3.8, 14.6725, -0.5],
							"size": [1, 1.1, 1],
							"pivot": [0, 15.2225, 0],
							"rotation": [0, 45, 0],
							"uv": {
								"north": {"uv": [69, 8], "uv_size": [1, 1]},
								"east": {"uv": [70, 10], "uv_size": [-1, -1]},
								"south": {"uv": [10, 69], "uv_size": [2, 1]},
								"west": {"uv": [70, 11], "uv_size": [-1, -1]},
								"up": {"uv": [12, 70], "uv_size": [-2, -1]},
								"down": {"uv": [54, 64], "uv_size": [1, -1]}
							}
						},
						{
							"origin": [-4.8, 14.6725, -0.5],
							"size": [1, 1.1, 1],
							"pivot": [0, 15.2225, 0],
							"rotation": [0, 45, 0],
							"uv": {
								"north": {"uv": [69, 8], "uv_size": [1, 1]},
								"east": {"uv": [70, 10], "uv_size": [-1, -1]},
								"south": {"uv": [10, 69], "uv_size": [2, 1]},
								"west": {"uv": [70, 11], "uv_size": [-1, -1]},
								"up": {"uv": [17, 70], "uv_size": [-1, -1]},
								"down": {"uv": [54, 64], "uv_size": [1, -1]}
							}
						},
						{
							"origin": [-3.8, 14.6725, 0.5],
							"size": [1, 1.1, 1],
							"pivot": [0, 15.2225, 0],
							"rotation": [0, 45, 0],
							"uv": {
								"north": {"uv": [69, 8], "uv_size": [1, 1]},
								"east": {"uv": [70, 10], "uv_size": [-1, -1]},
								"south": {"uv": [10, 69], "uv_size": [2, 1]},
								"west": {"uv": [70, 11], "uv_size": [-1, -1]},
								"up": {"uv": [17, 69], "uv_size": [-1, -1]},
								"down": {"uv": [54, 64], "uv_size": [1, -1]}
							}
						},
						{
							"origin": [-3.8, 14.6725, -1.5],
							"size": [1, 1.1, 1],
							"pivot": [0, 15.2225, 0],
							"rotation": [0, 45, 0],
							"uv": {
								"north": {"uv": [69, 8], "uv_size": [1, 1]},
								"east": {"uv": [70, 10], "uv_size": [-1, -1]},
								"south": {"uv": [10, 69], "uv_size": [2, 1]},
								"west": {"uv": [70, 11], "uv_size": [-1, -1]},
								"up": {"uv": [12, 70], "uv_size": [-2, -1]},
								"down": {"uv": [54, 64], "uv_size": [1, -1]}
							}
						},
						{
							"origin": [3.8, 14.6725, -0.5],
							"size": [1, 1.1, 1],
							"pivot": [0, 15.2225, 0],
							"rotation": [0, -45, 0],
							"uv": {
								"north": {"uv": [70, 8], "uv_size": [-1, 1]},
								"east": {"uv": [69, 11], "uv_size": [1, -1]},
								"south": {"uv": [12, 69], "uv_size": [-2, 1]},
								"west": {"uv": [69, 10], "uv_size": [1, -1]},
								"up": {"uv": [17, 70], "uv_size": [-1, -1]},
								"down": {"uv": [55, 64], "uv_size": [-1, -1]}
							}
						},
						{
							"origin": [2.8, 14.6725, -0.5],
							"size": [1, 1.1, 1],
							"pivot": [0, 15.2225, 0],
							"rotation": [0, -45, 0],
							"uv": {
								"north": {"uv": [70, 8], "uv_size": [-1, 1]},
								"east": {"uv": [69, 11], "uv_size": [1, -1]},
								"south": {"uv": [12, 69], "uv_size": [-2, 1]},
								"west": {"uv": [69, 10], "uv_size": [1, -1]},
								"up": {"uv": [17, 69], "uv_size": [-1, -1]},
								"down": {"uv": [55, 64], "uv_size": [-1, -1]}
							}
						},
						{
							"origin": [2.8, 14.6725, 0.5],
							"size": [1, 1.1, 1],
							"pivot": [0, 15.2225, 0],
							"rotation": [0, -45, 0],
							"uv": {
								"north": {"uv": [70, 8], "uv_size": [-1, 1]},
								"east": {"uv": [69, 11], "uv_size": [1, -1]},
								"south": {"uv": [12, 69], "uv_size": [-2, 1]},
								"west": {"uv": [69, 10], "uv_size": [1, -1]},
								"up": {"uv": [12, 70], "uv_size": [-2, -1]},
								"down": {"uv": [55, 64], "uv_size": [-1, -1]}
							}
						},
						{
							"origin": [2.8, 14.6725, -1.5],
							"size": [1, 1.1, 1],
							"pivot": [0, 15.2225, 0],
							"rotation": [0, -45, 0],
							"uv": {
								"north": {"uv": [70, 8], "uv_size": [-1, 1]},
								"east": {"uv": [69, 11], "uv_size": [1, -1]},
								"south": {"uv": [12, 69], "uv_size": [-2, 1]},
								"west": {"uv": [69, 10], "uv_size": [1, -1]},
								"up": {"uv": [12, 70], "uv_size": [-2, -1]},
								"down": {"uv": [55, 64], "uv_size": [-1, -1]}
							}
						},
						{
							"origin": [3.8, 14.6725, -0.5],
							"size": [1, 1.1, 1],
							"pivot": [0, 15.2225, 0],
							"rotation": [0, 45, 0],
							"uv": {
								"north": {"uv": [10, 69], "uv_size": [2, 1]},
								"east": {"uv": [70, 11], "uv_size": [-1, -1]},
								"south": {"uv": [69, 8], "uv_size": [1, 1]},
								"west": {"uv": [70, 10], "uv_size": [-1, -1]},
								"up": {"uv": [17, 70], "uv_size": [-1, -1]},
								"down": {"uv": [55, 63], "uv_size": [-1, 1]}
							}
						},
						{
							"origin": [2.8, 14.6725, -0.5],
							"size": [1, 1.1, 1],
							"pivot": [0, 15.2225, 0],
							"rotation": [0, 45, 0],
							"uv": {
								"north": {"uv": [10, 69], "uv_size": [2, 1]},
								"east": {"uv": [70, 11], "uv_size": [-1, -1]},
								"south": {"uv": [69, 8], "uv_size": [1, 1]},
								"west": {"uv": [70, 10], "uv_size": [-1, -1]},
								"up": {"uv": [12, 70], "uv_size": [-2, -1]},
								"down": {"uv": [55, 63], "uv_size": [-1, 1]}
							}
						},
						{
							"origin": [2.8, 14.6725, -1.5],
							"size": [1, 1.1, 1],
							"pivot": [0, 15.2225, 0],
							"rotation": [0, 45, 0],
							"uv": {
								"north": {"uv": [10, 69], "uv_size": [2, 1]},
								"east": {"uv": [70, 11], "uv_size": [-1, -1]},
								"south": {"uv": [69, 8], "uv_size": [1, 1]},
								"west": {"uv": [70, 10], "uv_size": [-1, -1]},
								"up": {"uv": [23, 68], "uv_size": [-1, -1]},
								"down": {"uv": [55, 63], "uv_size": [-1, 1]}
							}
						},
						{
							"origin": [2.8, 14.6725, 0.5],
							"size": [1, 1.1, 1],
							"pivot": [0, 15.2225, 0],
							"rotation": [0, 45, 0],
							"uv": {
								"north": {"uv": [10, 69], "uv_size": [2, 1]},
								"east": {"uv": [70, 11], "uv_size": [-1, -1]},
								"south": {"uv": [69, 8], "uv_size": [1, 1]},
								"west": {"uv": [70, 10], "uv_size": [-1, -1]},
								"up": {"uv": [12, 70], "uv_size": [-2, -1]},
								"down": {"uv": [55, 63], "uv_size": [-1, 1]}
							}
						},
						{
							"origin": [-3.8, 14.6725, -1.5],
							"size": [1, 1.1, 1],
							"pivot": [0, 15.2225, 0],
							"rotation": [0, -45, 0],
							"uv": {
								"north": {"uv": [12, 69], "uv_size": [-2, 1]},
								"east": {"uv": [69, 10], "uv_size": [1, -1]},
								"south": {"uv": [70, 8], "uv_size": [-1, 1]},
								"west": {"uv": [69, 11], "uv_size": [1, -1]},
								"up": {"uv": [12, 70], "uv_size": [-2, -1]},
								"down": {"uv": [54, 63], "uv_size": [1, 1]}
							}
						},
						{
							"origin": [-3.8, 14.6725, -0.5],
							"size": [1, 1.1, 1],
							"pivot": [0, 15.2225, 0],
							"rotation": [0, -45, 0],
							"uv": {
								"north": {"uv": [12, 69], "uv_size": [-2, 1]},
								"east": {"uv": [69, 10], "uv_size": [1, -1]},
								"south": {"uv": [70, 8], "uv_size": [-1, 1]},
								"west": {"uv": [69, 11], "uv_size": [1, -1]},
								"up": {"uv": [12, 70], "uv_size": [-2, -1]},
								"down": {"uv": [54, 63], "uv_size": [1, 1]}
							}
						},
						{
							"origin": [-4.8, 14.6725, -0.5],
							"size": [1, 1.1, 1],
							"pivot": [0, 15.2225, 0],
							"rotation": [0, -45, 0],
							"uv": {
								"north": {"uv": [12, 69], "uv_size": [-2, 1]},
								"east": {"uv": [69, 10], "uv_size": [1, -1]},
								"south": {"uv": [70, 8], "uv_size": [-1, 1]},
								"west": {"uv": [69, 11], "uv_size": [1, -1]},
								"up": {"uv": [17, 70], "uv_size": [-1, -1]},
								"down": {"uv": [54, 63], "uv_size": [1, 1]}
							}
						},
						{
							"origin": [-3.8, 14.6725, 0.5],
							"size": [1, 1.1, 1],
							"pivot": [0, 15.2225, 0],
							"rotation": [0, -45, 0],
							"uv": {
								"north": {"uv": [12, 69], "uv_size": [-2, 1]},
								"east": {"uv": [69, 10], "uv_size": [1, -1]},
								"south": {"uv": [70, 8], "uv_size": [-1, 1]},
								"west": {"uv": [69, 11], "uv_size": [1, -1]},
								"up": {"uv": [12, 70], "uv_size": [-2, -1]},
								"down": {"uv": [54, 63], "uv_size": [1, 1]}
							}
						},
						{
							"origin": [0.5, 14.6725, -0.5],
							"size": [1, 1.1, 1],
							"pivot": [0, 15.2225, 0],
							"rotation": [0, 45, 0],
							"uv": {
								"north": {"uv": [69, 8], "uv_size": [1, 1]},
								"east": {"uv": [70, 10], "uv_size": [-1, -1]},
								"south": {"uv": [10, 69], "uv_size": [2, 1]},
								"west": {"uv": [70, 11], "uv_size": [-1, -1]},
								"up": {"uv": [17, 66], "uv_size": [-1, -1]},
								"down": {"uv": [54, 64], "uv_size": [1, -1]}
							}
						},
						{
							"origin": [-0.5, 14.6725, -1.5],
							"size": [1, 1.1, 1],
							"pivot": [0, 15.2225, 0],
							"rotation": [0, 45, 0],
							"uv": {
								"north": {"uv": [69, 8], "uv_size": [1, 1]},
								"east": {"uv": [70, 10], "uv_size": [-1, -1]},
								"south": {"uv": [10, 69], "uv_size": [2, 1]},
								"west": {"uv": [70, 11], "uv_size": [-1, -1]},
								"up": {"uv": [17, 66], "uv_size": [-1, -1]},
								"down": {"uv": [54, 64], "uv_size": [1, -1]}
							}
						},
						{
							"origin": [-0.5, 14.6725, 0.5],
							"size": [1, 1.1, 1],
							"pivot": [0, 15.2225, 0],
							"rotation": [0, 45, 0],
							"uv": {
								"north": {"uv": [69, 8], "uv_size": [1, 1]},
								"east": {"uv": [70, 10], "uv_size": [-1, -1]},
								"south": {"uv": [10, 69], "uv_size": [2, 1]},
								"west": {"uv": [70, 11], "uv_size": [-1, -1]},
								"up": {"uv": [17, 66], "uv_size": [-1, -1]},
								"down": {"uv": [54, 64], "uv_size": [1, -1]}
							}
						},
						{
							"origin": [1.00711, 14.6725, 1.02132],
							"size": [1, 1.1, 1],
							"uv": {
								"north": {"uv": [70, 11], "uv_size": [-1, -1]},
								"east": {"uv": [69, 8], "uv_size": [1, 1]},
								"south": {"uv": [70, 10], "uv_size": [-1, -1]},
								"west": {"uv": [10, 69], "uv_size": [2, 1]},
								"up": {"uv": [17, 67], "uv_size": [-1, -1]},
								"down": {"uv": [54, 64], "uv_size": [1, -1]}
							}
						},
						{
							"origin": [-1.99289, 14.6725, 1.02132],
							"size": [1, 1.1, 1],
							"uv": {
								"north": {"uv": [70, 11], "uv_size": [-1, -1]},
								"east": {"uv": [69, 8], "uv_size": [1, 1]},
								"south": {"uv": [70, 10], "uv_size": [-1, -1]},
								"west": {"uv": [10, 69], "uv_size": [2, 1]},
								"up": {"uv": [17, 67], "uv_size": [-1, -1]},
								"down": {"uv": [54, 64], "uv_size": [1, -1]}
							}
						},
						{
							"origin": [-1.99289, 14.6725, -2.07868],
							"size": [1, 1.1, 1],
							"uv": {
								"north": {"uv": [70, 11], "uv_size": [-1, -1]},
								"east": {"uv": [69, 8], "uv_size": [1, 1]},
								"south": {"uv": [70, 10], "uv_size": [-1, -1]},
								"west": {"uv": [10, 69], "uv_size": [2, 1]},
								"up": {"uv": [17, 67], "uv_size": [-1, -1]},
								"down": {"uv": [54, 64], "uv_size": [1, -1]}
							}
						},
						{
							"origin": [1.00711, 14.6725, -2.07868],
							"size": [1, 1.1, 1],
							"uv": {
								"north": {"uv": [70, 11], "uv_size": [-1, -1]},
								"east": {"uv": [69, 8], "uv_size": [1, 1]},
								"south": {"uv": [70, 10], "uv_size": [-1, -1]},
								"west": {"uv": [10, 69], "uv_size": [2, 1]},
								"up": {"uv": [17, 67], "uv_size": [-1, -1]},
								"down": {"uv": [54, 64], "uv_size": [1, -1]}
							}
						},
						{
							"origin": [-6, 11, -6.7],
							"size": [1, 5, 13.5],
							"uv": {
								"north": {"uv": [69, 0], "uv_size": [1, 4]},
								"east": {"uv": [12, 60], "uv_size": [13, 4]},
								"south": {"uv": [69, 4], "uv_size": [1, 4]},
								"west": {"uv": [25, 60], "uv_size": [13, 4]},
								"up": {"uv": [37, 64], "uv_size": [1, 13]},
								"down": {"uv": [38, 79], "uv_size": [1, -13]}
							}
						},
						{
							"origin": [-6, 10, 6.8],
							"size": [1, 5.5, 1],
							"pivot": [-5.5, 13.25, 6.3],
							"rotation": [22.5, 0, 0],
							"uv": {
								"north": {"uv": [69, 0], "uv_size": [1, 4]},
								"east": {"uv": [12, 60], "uv_size": [13, 4]},
								"south": {"uv": [69, 4], "uv_size": [1, 4]},
								"west": {"uv": [25, 60], "uv_size": [13, 4]},
								"up": {"uv": [37, 64], "uv_size": [1, 13]},
								"down": {"uv": [38, 79], "uv_size": [1, -13]}
							}
						},
						{
							"origin": [5, 10, 6.8],
							"size": [1, 5.5, 1],
							"pivot": [-5.5, 13.25, 6.3],
							"rotation": [22.5, 0, 0],
							"uv": {
								"north": {"uv": [69, 0], "uv_size": [1, 4]},
								"east": {"uv": [12, 60], "uv_size": [13, 4]},
								"south": {"uv": [69, 4], "uv_size": [1, 4]},
								"west": {"uv": [25, 60], "uv_size": [13, 4]},
								"up": {"uv": [37, 64], "uv_size": [1, 13]},
								"down": {"uv": [38, 79], "uv_size": [1, -13]}
							}
						},
						{
							"origin": [5, 11, -6.7],
							"size": [1, 5, 13.5],
							"uv": {
								"north": {"uv": [9, 67], "uv_size": [1, 4]},
								"east": {"uv": [56, 54], "uv_size": [13, 4]},
								"south": {"uv": [68, 66], "uv_size": [1, 4]},
								"west": {"uv": [56, 58], "uv_size": [13, 4]},
								"up": {"uv": [23, 32], "uv_size": [1, 13]},
								"down": {"uv": [36, 77], "uv_size": [1, -13]}
							}
						},
						{
							"origin": [-12, 8, -8],
							"size": [24, 3, 16],
							"uv": {
								"north": {"uv": [56, 48], "uv_size": [24, 3]},
								"east": {"uv": [56, 62], "uv_size": [16, 3]},
								"south": {"uv": [56, 51], "uv_size": [24, 3]},
								"west": {"uv": [38, 63], "uv_size": [16, 3]},
								"up": {"uv": [0, 0], "uv_size": [24, 16]},
								"down": {"uv": [0, 32], "uv_size": [24, -16]}
							}
						}
					]
				}
			]
		}
	]
}